"User ID",Name,Date,Day,Check-In,Check-Out,"All Punches",Status
44,"Mesam Abbas",2025-12-10,Wednesday,09:44:56,,09:44,"Missing Out-Punch"
44,"Mesam Abbas",2025-12-13,Saturday,09:20:30,,09:20,"Missing Out-Punch"
44,"Mesam Abbas",2025-12-16,Tuesday,09:36:52,,09:36,"Missing Out-Punch"
44,"Mesam Abbas",2025-12-18,Thursday,17:19:57,,17:19,"Missing Out-Punch"
44,"Mesam Abbas",2025-12-20,Saturday,17:40:19,,17:40,"Missing Out-Punch"
1,"Techmire Solutions",2025-12-10,Wednesday,09:14:30,,09:14,"Missing Out-Punch"
1,"Techmire Solutions",2025-12-13,Saturday,09:29:07,,09:29,"Missing Out-Punch"
130,Unknown,2025-12-10,Wednesday,09:13:04,,09:13,"Missing Out-Punch"
6,Unknown,2025-12-10,Wednesday,09:14:34,,09:14,"Missing Out-Punch"
129,Unknown,2025-12-10,Wednesday,09:16:15,13:03:20,"09:16, 13:03",Present
55,Unknown,2025-12-10,Wednesday,09:24:05,,09:24,"Missing Out-Punch"
134,Unknown,2025-12-10,Wednesday,09:27:37,13:00:08,"09:27, 13:00",Present
123,Unknown,2025-12-10,Wednesday,09:45:07,12:47:23,"09:45, 12:47",Present
131,Unknown,2025-12-10,Wednesday,09:47:41,13:04:44,"09:47, 13:04",Present
126,Unknown,2025-12-10,Wednesday,09:47:46,13:02:08,"09:47, 13:02",Present
64,Unknown,2025-12-10,Wednesday,10:08:41,,10:08,"Missing Out-Punch"
100,Unknown,2025-12-10,Wednesday,11:12:05,,11:12,"Missing Out-Punch"
8,Unknown,2025-12-10,Wednesday,12:46:43,,12:46,"Missing Out-Punch"
133,Unknown,2025-12-10,Wednesday,13:00:13,,13:00,"Missing Out-Punch"
132,Unknown,2025-12-10,Wednesday,14:06:29,,14:06,"Missing Out-Punch"
32,Unknown,2025-12-10,Wednesday,14:08:40,,14:08,"Missing Out-Punch"
3,Unknown,2025-12-10,Wednesday,14:09:21,,14:09,"Missing Out-Punch"
128,Unknown,2025-12-10,Wednesday,14:27:43,,14:27,"Missing Out-Punch"
13,Unknown,2025-12-10,Wednesday,14:30:11,,14:30,"Missing Out-Punch"
114,Unknown,2025-12-10,Wednesday,14:37:53,,14:37,"Missing Out-Punch"
6,Unknown,2025-12-12,Friday,18:15:11,,18:15,"Missing Out-Punch"
64,Unknown,2025-12-12,Friday,17:20:48,,17:20,"Missing Out-Punch"
100,Unknown,2025-12-12,Friday,17:23:59,,17:23,"Missing Out-Punch"
8,Unknown,2025-12-12,Friday,17:19:25,,17:19,"Missing Out-Punch"
132,Unknown,2025-12-12,Friday,17:19:43,,17:19,"Missing Out-Punch"
32,Unknown,2025-12-12,Friday,17:24:06,,17:24,"Missing Out-Punch"
128,Unknown,2025-12-12,Friday,17:19:53,,17:19,"Missing Out-Punch"
83,Unknown,2025-12-12,Friday,17:19:09,,17:19,"Missing Out-Punch"
127,Unknown,2025-12-12,Friday,17:19:19,,17:19,"Missing Out-Punch"
137,Unknown,2025-12-12,Friday,17:19:58,,17:19,"Missing Out-Punch"
120,Unknown,2025-12-12,Friday,18:57:47,,18:57,"Missing Out-Punch"
92,Unknown,2025-12-12,Friday,18:58:45,,18:58,"Missing Out-Punch"
130,Unknown,2025-12-13,Saturday,09:20:25,,09:20,"Missing Out-Punch"
6,Unknown,2025-12-13,Saturday,09:14:12,,09:14,"Missing Out-Punch"
129,Unknown,2025-12-13,Saturday,09:30:32,,09:30,"Missing Out-Punch"
55,Unknown,2025-12-13,Saturday,09:16:35,,09:16,"Missing Out-Punch"
123,Unknown,2025-12-13,Saturday,09:39:04,,09:39,"Missing Out-Punch"
131,Unknown,2025-12-13,Saturday,09:30:44,,09:30,"Missing Out-Punch"
13,Unknown,2025-12-13,Saturday,09:17:32,,09:17,"Missing Out-Punch"
127,Unknown,2025-12-13,Saturday,09:17:48,,09:17,"Missing Out-Punch"
120,Unknown,2025-12-13,Saturday,07:25:43,,07:25,"Missing Out-Punch"
69,Unknown,2025-12-13,Saturday,08:42:24,,08:42,"Missing Out-Punch"
113,Unknown,2025-12-13,Saturday,09:31:18,,09:31,"Missing Out-Punch"
129,Unknown,2025-12-16,Tuesday,13:03:36,,13:03,"Missing Out-Punch"
55,Unknown,2025-12-16,Tuesday,17:18:55,,17:18,"Missing Out-Punch"
134,Unknown,2025-12-16,Tuesday,09:38:40,13:03:02,"09:38, 13:03",Present
123,Unknown,2025-12-16,Tuesday,09:27:47,13:57:07,"09:27, 13:57",Present
131,Unknown,2025-12-16,Tuesday,13:00:54,,13:00,"Missing Out-Punch"
126,Unknown,2025-12-16,Tuesday,13:03:41,,13:03,"Missing Out-Punch"
100,Unknown,2025-12-16,Tuesday,13:20:21,,13:20,"Missing Out-Punch"
8,Unknown,2025-12-16,Tuesday,13:07:12,,13:07,"Missing Out-Punch"
133,Unknown,2025-12-16,Tuesday,09:38:48,13:03:11,"09:38, 13:03",Present
132,Unknown,2025-12-16,Tuesday,14:19:29,,14:19,"Missing Out-Punch"
32,Unknown,2025-12-16,Tuesday,14:29:03,,14:29,"Missing Out-Punch"
128,Unknown,2025-12-16,Tuesday,14:19:35,,14:19,"Missing Out-Punch"
114,Unknown,2025-12-16,Tuesday,14:44:43,,14:44,"Missing Out-Punch"
137,Unknown,2025-12-16,Tuesday,14:19:44,,14:19,"Missing Out-Punch"
69,Unknown,2025-12-16,Tuesday,17:14:08,,17:14,"Missing Out-Punch"
135,Unknown,2025-12-16,Tuesday,09:38:56,13:03:18,"09:38, 13:03",Present
138,Unknown,2025-12-16,Tuesday,10:10:33,,10:10,"Missing Out-Punch"
108,Unknown,2025-12-16,Tuesday,10:32:10,,10:32,"Missing Out-Punch"
91,Unknown,2025-12-16,Tuesday,12:56:55,,12:56,"Missing Out-Punch"
125,Unknown,2025-12-16,Tuesday,15:06:33,,15:06,"Missing Out-Punch"
129,Unknown,2025-12-18,Thursday,13:08:12,,13:08,"Missing Out-Punch"
55,Unknown,2025-12-18,Thursday,17:18:06,,17:18,"Missing Out-Punch"
134,Unknown,2025-12-18,Thursday,13:04:32,,13:04,"Missing Out-Punch"
123,Unknown,2025-12-18,Thursday,14:05:22,,14:05,"Missing Out-Punch"
64,Unknown,2025-12-18,Thursday,17:20:10,,17:20,"Missing Out-Punch"
100,Unknown,2025-12-18,Thursday,13:19:17,,13:19,"Missing Out-Punch"
8,Unknown,2025-12-18,Thursday,13:13:07,,13:13,"Missing Out-Punch"
133,Unknown,2025-12-18,Thursday,13:04:08,,13:04,"Missing Out-Punch"
132,Unknown,2025-12-18,Thursday,14:15:47,17:17:58,"14:15, 17:17",Present
32,Unknown,2025-12-18,Thursday,17:20:02,,17:20,"Missing Out-Punch"
128,Unknown,2025-12-18,Thursday,14:15:58,17:18:34,"14:15, 17:18",Present
114,Unknown,2025-12-18,Thursday,14:35:31,17:18:50,"14:35, 17:18",Present
69,Unknown,2025-12-18,Thursday,17:06:29,,17:06,"Missing Out-Punch"
135,Unknown,2025-12-18,Thursday,13:04:03,,13:04,"Missing Out-Punch"
138,Unknown,2025-12-18,Thursday,10:09:12,,10:09,"Missing Out-Punch"
91,Unknown,2025-12-18,Thursday,12:31:51,,12:31,"Missing Out-Punch"
125,Unknown,2025-12-18,Thursday,15:08:52,,15:08,"Missing Out-Punch"
99,Unknown,2025-12-18,Thursday,13:16:35,,13:16,"Missing Out-Punch"
98,Unknown,2025-12-18,Thursday,13:16:40,,13:16,"Missing Out-Punch"
122,Unknown,2025-12-18,Thursday,14:14:11,17:16:29,"14:14, 17:16",Present
6,Unknown,2025-12-20,Saturday,16:29:49,,16:29,"Missing Out-Punch"
55,Unknown,2025-12-20,Saturday,16:07:41,,16:07,"Missing Out-Punch"
64,Unknown,2025-12-20,Saturday,17:10:05,,17:10,"Missing Out-Punch"
100,Unknown,2025-12-20,Saturday,17:40:25,,17:40,"Missing Out-Punch"
8,Unknown,2025-12-20,Saturday,17:17:42,,17:17,"Missing Out-Punch"
132,Unknown,2025-12-20,Saturday,17:16:06,,17:16,"Missing Out-Punch"
32,Unknown,2025-12-20,Saturday,17:39:55,,17:39,"Missing Out-Punch"
3,Unknown,2025-12-20,Saturday,17:23:07,,17:23,"Missing Out-Punch"
128,Unknown,2025-12-20,Saturday,17:15:47,,17:15,"Missing Out-Punch"
13,Unknown,2025-12-20,Saturday,17:15:13,,17:15,"Missing Out-Punch"
114,Unknown,2025-12-20,Saturday,17:16:38,,17:16,"Missing Out-Punch"
83,Unknown,2025-12-20,Saturday,17:23:03,,17:23,"Missing Out-Punch"
127,Unknown,2025-12-20,Saturday,17:15:07,,17:15,"Missing Out-Punch"
137,Unknown,2025-12-20,Saturday,14:43:43,17:17:13,"14:43, 17:17",Present
69,Unknown,2025-12-20,Saturday,17:12:06,,17:12,"Missing Out-Punch"
91,Unknown,2025-12-20,Saturday,18:13:25,,18:13,"Missing Out-Punch"
125,Unknown,2025-12-20,Saturday,15:11:51,17:21:52,"15:11, 17:21",Present
122,Unknown,2025-12-20,Saturday,17:16:01,,17:16,"Missing Out-Punch"
110,Unknown,2025-12-20,Saturday,14:49:43,18:13:33,"14:49, 18:13",Present
109,Unknown,2025-12-20,Saturday,14:54:24,17:18:12,"14:54, 17:18",Present
122,Unknown,2025-12-23,Tuesday,15:22:55,,15:22,"Missing Out-Punch"
